test1,test2,assignment1,assignment2,quiz1,grade,carrymark
8.599796663725433,7.821589626462722,4.7851442274776055,4.624834504101487,3.045098885474434,3.2,28.876463907241682
4.644407237053729,8.054187301312954,3.7298145347103473,7.672357358132981,3.333528157820125,3.2,27.434294589030138
9.173015966758017,5.542181702356512,3.5365405995973345,11.581258858201135,3.4734759867013265,3.8,33.306473113614324
3.254557072261965,9.187716303714161,9.845069284338878,12.343041303952255,4.608663801758331,4.4,39.23904776602559
3.7913281238739938,7.568485734341158,9.089544591711942,10.575775046816178,2.8885708618108534,3.8,33.91370435855413
1.9063108726152922,4.907546519084053,6.497982760994215,13.782154745330574,4.866425471083035,3.5,31.96042036910717
5.293087988974453,8.78778934994476,3.3444307935276347,12.270389578182312,3.194797215342357,3.5,32.89049492597152
1.1263753014761706,7.477342177635587,4.589411880018419,12.547829680075262,3.6726128049274034,3.2,29.413571844132843
1.0102853738298545,5.442200798187922,8.808424979435028,4.414752276419848,2.3008174509895603,2.6,21.976480878862212
8.83424108897789,2.7196038235215148,6.107596665586047,4.340623000613083,4.870161001160573,2.9,26.872225579859105
8.22861522351883,5.031726142920133,1.7240123669728187,5.480764465415641,3.0317625700822957,2.6,23.49688076890972
9.395504418042162,1.9815206133799332,5.961405214814961,10.891859738136455,3.189763645313695,3.5,31.42005362968721
8.330201769622024,5.862552462732916,9.674546913764209,9.444598791459361,3.3504682567017454,4.1,36.662368194280255
5.004901236479646,6.366581754247957,4.4641103137539435,9.05911419830844,2.161318009611032,3.2,27.056025512401018
2.7045219569892054,2.680565754299996,6.51495861881746,10.193231445854803,2.906123968037523,2.9,24.999401743998988
1.808419250760343,7.818435297697931,8.890933337404974,13.927334223247929,4.369840892560729,4.1,36.81496300167191
9.08355809222091,9.307741958381591,5.86539932453249,6.478144703284748,3.821133599417625,3.8,34.55597767783737
3.4807070918091445,8.304658376570906,8.645373686677303,13.530545543973453,3.3592047341246394,4.1,37.320489433155444
9.547883859089085,6.217255096710454,5.055067959680397,10.243435300713445,4.985031357414291,4.1,36.04867357360767
9.252470961527106,8.139925757172017,1.7413568937698267,9.57896347056997,2.9457768078766673,3.5,31.658493890915587
6.671326063703255,8.605698181043637,3.187320598556706,11.240849091071869,1.468537172834072,3.5,31.17373110720954
2.9841448318104566,8.151246745395184,3.992825342976899,12.422783351471233,1.4024300808643848,3.2,28.95343035251816
2.3172264002107346,7.27903576172115,1.4071066107905112,9.034124515048337,4.640064058796159,2.9,24.677557346566893
5.807781714346516,7.125302193060309,1.2402711519598468,9.889998738760415,3.4253536710168757,3.2,27.488707469143964
6.183576532283866,4.520884683905442,4.331259463016687,14.72723310906176,1.1455681504459432,3.5,30.9085219387137
1.1947285886952166,9.6492815221565,2.664747472576945,2.734532301942044,1.8423060395465858,2.3,18.08559592491729
8.206719313187628,9.432722427801227,1.2050431810179254,6.95866364753544,1.406000877496679,3.2,27.209149447038904
3.3392790081354877,2.987463441846856,6.822331478517903,5.904115543551452,1.7212716061187514,2.3,20.77446107817045
5.532728546888985,1.3544083637622313,1.9082911707006995,14.835292082115014,1.797423161868252,2.9,25.428143325335185
4.226997711804417,7.584384756028245,8.544939086740747,13.85874886793464,1.6776984243898707,3.8,35.89276884689792
7.053765072157473,9.69894012738865,1.522458494438488,10.466824980191296,4.381698374806465,3.8,33.123687048982376
4.080812869707255,3.256186053566005,6.3711225412246995,7.192396471787106,1.6992779378057645,2.6,22.59979587409083
5.244628735866591,4.689148560917991,6.122014655718522,8.120401820876864,2.2457840040008272,2.9,26.421977777380796
4.2143651433123654,8.53895056932081,3.2583939833992335,8.848403063949336,1.0497452753172576,2.9,25.909858035299003
7.674169396695972,4.023248990261145,1.41126844211575,4.932364299056875,1.960521631305416,2.3,20.00157275943516
9.57816405845019,4.170030053639567,3.5909012337076,6.028816761552449,4.787623342631564,3.2,28.15553544998137
6.703730670243273,6.589691610568005,7.440574152713107,6.432241294375079,2.657671953108989,3.2,29.823909681008452
6.857495760370105,1.0137179967104817,2.730785871202082,5.681623669275022,1.9576638407438343,2.3,18.241287138301526
6.736594610163703,4.40783263290785,8.878810525417155,8.954119892742685,2.6576255867345773,3.5,31.63498324796597
4.6204036760717155,7.316466615403079,4.764038979632194,10.270742445633443,1.187118743827193,3.2,28.158770460567624
5.008169707469468,3.3330423110250047,2.4191791491007977,8.386023822346605,2.949062404276128,2.6,22.095477394218
6.0526443305298425,7.799362905328143,8.954876388238308,7.9241573852540155,2.248232985667492,3.5,32.9792739950178
5.202030118172712,8.281412716243262,8.875146983322441,12.373809053092627,1.752005176203312,4.1,36.48440404703435
9.994783235097973,6.697798839264704,1.7512034515815638,11.157760976458373,4.947285920820512,3.8,34.548832423223125
4.616351399912892,7.106635047177715,3.845594234992081,3.989345268905746,3.869296573244149,2.6,23.427222524232583
1.021218082474185,8.404582694782743,5.755113791738135,2.3689807852092306,1.4756155791389833,2.3,19.025510933343277
6.843388824065382,8.862884415103082,3.519844689941853,14.699212614827573,1.400722756254836,3.8,35.326053300192726
8.685442986376044,4.570265595978141,1.7321087509141073,4.845993807869669,2.811912739271657,2.6,22.64572388040962
8.13107378067087,8.752239132735125,2.2007849878229413,8.292117397798783,3.603132952598949,3.5,30.979348251626668
4.123477131396413,8.846774521395275,3.505688336947245,1.2600405856383325,1.1626530947010436,2.3,18.898633670078308
7.12897093100119,6.025201624873422,9.518522987529964,14.13814319628886,4.639404709620409,4.4,41.450243449313845
1.378040787706071,7.742213410517768,7.311923358353737,10.175066105446215,3.849430610064967,3.5,30.456674272088758
9.124391355573977,6.761270798139018,4.352043366750304,8.531002972245487,1.831376414763299,3.5,30.60008490747208
6.2841295422562915,1.0800737384417092,2.35920856477589,5.667717432418129,4.15849263570313,2.3,19.54962191359515
7.466494804943856,4.044303730240108,6.584842974848965,1.57684129308693,1.6554421827023038,2.6,21.327924985822165
9.837226631127749,3.6057776827228025,4.553127846894616,8.678780152015188,2.1736280058293462,3.2,28.848540318589702
5.302582022359188,3.157354752747615,1.4343072605946499,3.5142158865817787,3.0922009268003925,2.0,16.500660849083626
1.6377659568491274,4.6285223180058415,3.956686390139382,6.806102525600194,1.3976013529548044,2.3,18.426678543549347
9.177917989571025,5.266041860235667,8.567634993649044,14.667212407086797,2.374606374631071,4.4,40.053413625173604
5.311778672367875,7.2963576203555665,4.838817911896254,5.226643627070983,3.939003964874461,2.9,26.612601796565137
9.04959800393117,9.277199599884492,6.640678421261805,6.257998848599634,4.898242085918776,4.1,36.123716959595875
6.74990665750426,1.5925120954957088,1.7620261220810003,11.498174004963204,1.2446246261838643,2.6,22.847243506228036
1.0706590479812665,4.544271566035385,5.671033558311963,7.279619998351764,2.95447521770861,2.6,21.52005938838899
6.263998317939469,7.113723106349124,4.8073426615668025,6.1566403886819625,4.953836232397158,3.2,29.295540706934517
3.348248819016306,7.993901390576586,4.880989221688397,6.019285348133545,1.2554317957753147,2.6,23.49785657519015
8.772210498718382,7.318037347857434,9.127096367868344,7.322565097616147,3.707683867266414,4.1,36.247593179326714
2.0701925789847015,4.58158241442082,2.865087760753746,1.5894199904692674,4.7918454050252794,2.0,15.898128149653814
2.9430493161882145,2.3171904082720514,2.78173039202148,6.292447500400165,3.185565049260455,2.0,17.519982666142365
2.3620093162560196,9.898209000871809,9.846902894907538,3.077628239204418,2.6236275326717955,3.2,27.80837698391158
7.11936534799002,8.898909246109856,5.458653324200698,13.838653418637412,2.2898412595252244,4.1,37.605422596463214
5.485968023416753,5.487819326785081,7.030613361837648,3.8278783231923503,3.4390824416671215,2.9,25.271361476898953
2.9689578718494016,4.061982835459288,9.663098169292136,13.586112532434106,4.272473523671176,3.8,34.5526249327061
1.3192143568841104,2.3353019421573675,3.311937208647134,11.978331954648159,4.369333308309469,2.6,23.31411877064624
6.246533622215994,7.463184865991464,8.263498419775683,1.9290278345289933,1.3385725473322805,2.9,25.240817289844415
8.820057826039406,1.3547424644022592,3.0258158830884643,1.568848373042613,1.0611405598789072,2.0,15.83060510645165
8.59559217123167,3.9753493052507225,2.4462105423644855,3.083472864044733,3.624334647081348,2.6,21.72495952997296
9.717384445234364,5.544997233451105,9.109814291956043,8.034000385333986,3.295489909966197,3.8,35.701686265941696
7.1071422111042315,8.245989901289233,7.820617440352443,14.867455877877871,3.987861556600531,4.7,42.029066987224304
9.152026510175796,2.8549434885902496,5.818746738957229,9.380599691344568,4.302786468641415,3.5,31.50910289770926
5.339922067593245,8.11936190538186,4.4971200113510275,9.209438378140295,4.405266429924271,3.5,31.571108792390696
8.182535239937426,6.912860966975208,1.002166268726502,3.547564910606955,3.027431147404511,2.6,22.6725585336506
3.2901345863504137,1.590587589454577,8.738950799093153,14.201258298384284,2.2112195125961347,3.5,30.03215078587856
4.672658506463747,8.290337804355582,1.560328829841008,9.973788075874303,1.5092832517311483,2.9,26.006396468265788
3.5837950599570267,8.469466179655655,1.4997434130069527,1.5030736680226455,2.671464179185178,2.0,17.727542499827457
5.426478631866376,8.769926647973808,7.454698717106705,10.429613320393486,1.605495089599147,3.8,33.68621240693952
9.880353317968149,4.700261766587332,6.505937778923739,6.413562077465301,1.1881316632473617,3.2,28.68824660419188
5.238002881432587,2.3623097850535264,1.2921891613654959,9.643605931534076,3.5198651648733423,2.6,22.055972924259027
1.9476354219072842,5.942293896085995,4.120011789759714,6.367797024308423,4.105679594798714,2.6,22.483417726860132
5.412877097718211,8.931489538710172,6.491077686156011,7.540637810532984,3.5292505602215383,3.5,31.905332693338917
4.040788418458772,2.1189141327542718,7.142766568232714,9.708524198453198,4.154265965495454,3.2,27.16525928339441
2.143982124523979,9.206049863165699,8.194070902796327,13.836423713274131,4.490138887093868,4.1,37.87066549085401
7.129058017213513,8.29225764493623,5.671065783082616,11.996848091049312,1.7565098714287402,3.8,34.84573940771041
8.039026957215647,5.001216436507066,7.809545991676286,7.376583315370629,4.158234913111133,3.5,32.38460761388076
1.678056266967042,1.4017681488197122,9.40860624134411,7.806311410482291,4.604285598595618,2.9,24.899027666208774
9.503049266938632,6.998600372100702,6.146171434841271,4.023711377495328,1.3739048771960327,3.2,28.045437328571968
8.374547935740459,8.99894860868789,8.01456139625397,10.779034058242749,2.680444464299283,4.1,38.84753646322435
3.7478043102426075,2.021004060739381,4.833732232649467,8.924181639468603,4.691522332550051,2.9,24.21824457565011
9.421792923978579,4.740770768868218,1.8928988928828612,11.833462254600207,3.9371173666284633,3.5,31.826042206958327
1.2763076135671554,5.020467392204528,7.177762938687023,1.421879283731779,4.677129413606455,2.3,19.57354664179694
9.660182378593772,7.50288494879956,1.706846856866234,1.9846125222689797,2.4370132592849476,2.6,23.29153996581349
1.264397569812878,4.130899545559055,1.0896781718166944,14.64052917977355,4.276026796275451,2.9,25.40153126323763
1.6346585033036862,9.040915826630743,2.871802360036141,3.8670711757708998,3.6950365821153364,2.6,21.109484447856804
9.444360413462933,2.1086930910631363,1.0646611052704342,6.1678220603803595,1.098600057744623,2.3,19.884136727921486
6.4436341382247795,8.73258047757288,2.68292532180572,2.573474501622577,2.3777984293544434,2.6,22.810412868580396
9.632543685465825,2.1714192498581566,9.698673344202945,6.0713581792278895,2.893481611040446,3.5,30.46747606979526
3.633687873684762,9.434141597939227,9.623331054887478,9.902819891108408,1.7361822007006222,3.8,34.3301626183205
9.936566097492584,1.9232239559222077,6.227644434346724,3.1896428411621223,4.5907012566008225,2.9,25.86777858552446
9.511105523460536,8.23951268200097,3.8430227680131197,4.399741659411792,4.019433652876151,3.5,30.012816285762568
3.619535672308186,4.778068400686678,1.416301092123772,2.8512733460732917,1.0821984825671067,1.7,13.747376993759033
1.7012900808418223,1.6589003442837476,4.782085319567321,8.710880486924129,3.963515279483688,2.3,20.816671511100708
2.280551264581744,4.7996987155247695,6.7326943367054835,2.1837797274650557,2.7792446205848154,2.3,18.775968664861868
4.32330435315818,9.540387360474956,1.520714025109155,6.720767096564073,2.6689019191848202,2.9,24.77407475449118
7.5536245413971015,3.8860390258705353,2.835912483516106,5.106363172328271,2.883550169797435,2.6,22.265489392909448
9.55241496614459,8.168653204869758,3.4927322120176894,8.814542237502648,3.752801214274133,3.8,33.78114383480882
8.160914401139191,5.015479455548628,4.588992146167354,11.746970399497899,2.7268659822564483,3.5,32.23922238460952
3.2316190200730457,5.08102328377583,9.433941816614105,2.9959448350604188,2.8497414181088483,2.6,23.592270373632246
6.735731719274034,5.349591894412902,2.8327591393333296,1.0258042486193228,3.795966847213756,2.3,19.739853848853343
6.568619662211073,1.0699898449227778,3.6870410891630874,11.760879633599782,3.5156815141784836,2.9,26.602211744075206
5.90687304349575,2.40598998828144,7.3566463869971965,7.600088904021252,3.7127149849438545,2.9,26.982313307739492
7.8408085305114295,3.0912644929712063,7.857955117879405,4.92123738563745,4.936060548472982,3.2,28.64732607547247
2.087484497060668,8.953462168696507,1.364924125390342,4.592061456874016,3.1044076350498737,2.3,20.10233988307141
6.234545651001352,4.56611486525283,1.9182855540436397,4.536513201545986,2.1335860154419546,2.3,19.389045287285768
7.797005691028583,9.178968926998063,6.3586892393777745,1.4963135196743844,4.168945886566841,3.2,28.99992326364565
3.7504353955592795,4.059013657746191,5.771668938808732,4.486658666057771,4.679912351429479,2.6,22.74768900960145
2.471992825067316,4.733473604533595,3.607227545564852,8.277677430822605,3.2959272123295063,2.6,22.386298618317873
6.644257201943583,5.782382234541755,4.697240521020396,9.884316173270523,2.6136515063472703,3.2,29.62184763712353
8.00695233148643,8.093596827294911,3.6302875129973993,6.205260529780843,3.5152436237875446,3.2,29.451340825347128
2.4136297040409143,7.273287378882324,4.4328497768264175,9.274874646598098,1.5581323969248873,2.9,24.95277390327264
7.014325474878039,4.186520745523297,5.253990185865083,6.8115036118934995,2.9068609919803783,2.9,26.173201010140293
7.252260696247998,3.8641615914887018,6.868490328086935,1.8431095049958268,2.2007406098488396,2.6,22.0287627306683
7.706887211350412,1.471652902558573,6.5902797575401175,1.3576551897497395,2.886115473239602,2.3,20.012590534438445
8.996905393421288,1.090990845978435,5.741452185885306,1.9303956152240822,4.4684391045979535,2.6,22.228183145107067
7.1766687001569816,7.677584710132862,7.021068219512992,1.0899283517740395,1.1647114490315942,2.9,24.129961430608464
6.587891236198419,9.997166130192202,8.858325151826136,10.795601294155194,3.908399817369159,4.4,40.147383629741114
3.0401832034149616,7.764525407222308,3.591316943770938,2.4764437383135016,2.8435795818670315,2.3,19.716048874588743
3.9717619527665624,2.514298587860611,4.7953890326026425,13.560813677494256,2.7410810931926752,3.2,27.58334434391675
5.025627057247523,7.379449816998142,5.717456831370631,2.8091224947879097,4.64156959017588,2.9,25.57322579058009
4.997119025457686,8.10403965302823,4.4998761702001975,12.295844263489688,2.558145664029811,3.5,32.45502477620561
2.981435694994412,2.765752002250018,9.460311799037594,9.21142362013428,1.1991730602330595,2.9,25.61809617664936
4.495128365602442,3.106263344724343,1.761913581483694,3.6145821592997187,1.2279619199980139,1.7,14.205849371108213
6.742662654052924,2.56036478353722,6.4970188861917295,9.575094470477216,3.819694842959747,3.2,29.194835637218837
5.6090678555028815,3.5598159130131846,8.89711708535675,5.942995144129191,2.8331772999149565,2.9,26.842173297916965
6.686914885574917,5.645118683507046,9.608215137098803,14.36604748413371,4.719039402437705,4.4,41.025335592752185
9.406687146987323,6.228641220118264,5.411818573570026,10.857635443353164,1.861678371941872,3.8,33.76646075597065
3.3928483529397546,1.394265282697825,2.465717883022279,1.0542436991433475,3.6185103060939925,1.4,11.925585523897198
2.2636629013211373,8.08011411018447,7.124535962935526,14.58946110696294,2.586057947807565,3.8,34.643832029211644
9.292527221059474,5.0833375508757985,4.055533658525864,2.4327441788387527,4.531328740287439,2.9,25.39547134958733
8.153111427063282,3.906360788815545,5.101699464330661,5.552008521385476,1.115316466152379,2.6,23.828496667747345
1.3991727285920526,4.31833713293853,2.886321953159053,8.343204444948292,1.7511401425984756,2.3,18.698176402236403
2.8145942781976876,7.054010931858673,7.620423910855443,5.371249342237469,4.43997759773349,3.2,27.30025606088276
3.2917525719013954,4.095463386534014,7.412323513326481,1.623040618608935,4.736733840464764,2.6,21.159313930835587
1.6510395860886282,5.148379530442542,7.521443433640803,1.6645594897871732,4.236010742548709,2.3,20.221432782507854
9.810040089802724,5.1446050551606515,2.0631127265881126,2.1406779391767192,1.394921744652541,2.3,20.55335755538075
7.888972367228278,4.726115636216667,9.27310742379128,7.168956865210784,1.3085732405784323,3.5,30.365725533025444
4.842420287662006,7.793451040830008,8.464045841621154,1.550923611408686,1.7215575650253352,2.9,24.372398346547186
5.410121068212796,2.1527693015644775,8.839833777479559,14.082452438246083,2.2783879934152704,3.5,32.763564578918185
4.91359314296818,6.013486579780509,3.5695521197523017,8.57505976443386,1.8047401818951352,2.9,24.876431788829986
3.6697712614922158,4.976052698689097,6.442029119720287,8.506310365207405,2.043951906935758,2.9,25.63811535204476
3.086090878762497,2.068572130306399,8.051442723029552,2.3846107305293263,3.9315400247174423,2.3,19.522256487345217
3.238963260967897,3.561012856052043,7.6247508970971944,10.23469108410291,3.967686222062233,3.2,28.627104320282278
5.637547529149253,8.731862376987436,2.096145022379244,10.032757459691073,1.4729772499546239,3.2,27.97128963816163
7.635550313308854,4.230141953126074,7.07393893933999,10.848774788177943,3.6424338305642334,3.8,33.43083982451709
2.9940218229504385,8.486198977486183,3.161224786811207,8.254146160969572,3.698583016613405,2.9,26.594174764830804
3.102428573062809,6.656605506855451,3.5814794319759575,3.3993532651814165,4.238995314106308,2.3,20.97886209118194
5.978104930696244,3.9509623594797043,6.268878524849859,1.3540095639820366,1.519291427041309,2.3,19.07124680604915
4.560227665284188,9.781809215179711,5.594270660885108,2.0703868709365327,4.060162460997827,2.9,26.066856873283367
8.032994838327838,7.973219569553706,6.125482342431584,10.739782330172478,1.8538317452465254,3.8,34.72531082573213
7.5930453180458946,8.34556588607435,7.839698861997273,5.948473636202419,3.3641122023028345,3.8,33.09089590462277
6.660904217408548,9.107288682913754,1.9721250574600013,12.675072791905718,3.105742233876157,3.8,33.52113298356418
4.227527084967436,5.100426113443771,1.1137194903766492,4.081030292639987,3.6110536802720197,2.3,18.133756661699863
6.94764351779004,5.452290462576818,9.579932925375877,7.732811239692596,2.255774638182642,3.5,31.968452783617977
8.630027552760772,3.3324246945753577,6.438753937309146,10.8478639325122,4.286785194767137,3.8,33.53585531192461
8.068318751644739,4.456830974623402,1.5326227536646324,1.5360301167681987,3.905841551633838,2.3,19.49964414833481
9.655222432661658,4.088488368441645,4.970755882679628,11.161172220384872,3.6313249834155195,3.8,33.50696388758332
3.3409592963572243,7.044263612188322,3.7441217761694543,5.989010691868539,3.1580532210523775,2.6,23.276408597635918
7.590824415340575,2.3609459041116834,1.197884898036449,9.789619362790306,1.098258711143345,2.6,22.037533291422356
1.4046691664455166,3.031980190499202,6.8848918597401,1.931631367604403,1.2496230705061109,1.7,14.502795654795332
9.748839199362552,4.803876044024948,9.031860405935733,4.031339975338696,2.7408527178184676,3.5,30.356768342480397
4.222316211518395,2.5924198243147223,3.95931867176725,14.815141461744654,3.989236039180478,3.2,29.578432208525502
4.444014512648426,4.683559909599384,3.373668110395597,8.43871350038355,3.9425476485677864,2.9,24.882503681594745
7.17981954175541,5.163848518071876,1.377451420445413,13.90110929098976,2.6357352123842643,3.5,30.25796398364672
4.512689803107385,1.027991030402395,2.244044926737218,13.1639478450095,3.055738384725212,2.9,24.004411989981712
7.591913598004091,2.333510977900227,3.970459059897245,12.761911791530094,4.282634084709699,3.5,30.940429512041355
3.2211484127761656,1.1977777749976504,8.258202761910425,3.363816070551903,4.1507255684835815,2.3,20.191670588719724
7.152933068965964,2.514832842798048,1.7063977930292142,13.987092018912046,3.391513589133574,3.2,28.752769312838844
6.584591557508599,5.117606225542484,2.350638795900597,9.427578781252228,2.0098915201500147,2.9,25.49030688035392
8.253051904157873,7.594470593248745,1.2454046654096056,14.053922135030486,1.1452641933067125,3.5,32.29211349115342
1.8065738694763667,3.6346110481382077,2.357281544231261,4.3060311608324335,2.423237954446219,1.7,14.527735577124488
7.619497439092425,4.6424022468835995,3.428557792528833,7.892384150787374,2.570372999155042,2.9,26.153214628447273
3.7968777773758626,9.104874920800697,5.954036058636439,14.682585153646741,4.091649637573752,4.1,37.63002354803349
6.1344936785761925,3.3620193034917762,7.1815929065995485,7.3828480655768045,3.8855508601670135,3.2,27.946504814411334
4.634009280199554,5.4640453268615286,1.1861539070118006,11.359419032480742,1.1370941774225227,2.6,23.780721723976146
7.126528472628757,6.238033259841659,7.98325850339314,5.056886389323819,3.7444432604933193,3.5,30.149149885680696
2.8638817806793435,5.76344801222048,4.062523413260621,14.69836371899818,4.887466229517274,3.5,32.275683154675896
2.8807276192602407,6.094344122972464,3.964984172904453,14.559534618283934,4.698103792746263,3.5,32.19769432616735
6.275312677508406,7.480760095976444,7.131922810381626,5.946978854207054,4.6654462775006404,3.5,31.500420715574172
9.095081831347212,3.975926180302714,7.726554195439228,1.1272897734422802,4.265436442233767,2.9,26.190288422765203
6.083824108581997,9.570760414758553,4.268737670933571,9.75998304864719,2.292009726013515,3.5,31.975314968934825
8.045068432635997,6.406326971047003,9.887239206808204,1.0141791033503493,1.5630349686325418,2.9,26.9158486824741
1.392412438817321,2.1326306393155106,9.364467673628475,14.280516193082528,2.921650138792575,3.5,30.09167708363641
9.520204551353165,8.36548849169559,8.007559607314988,11.461947311244744,1.7506183406783955,4.4,39.10581830228688
5.939895349925023,4.814913075479604,9.548092428380992,3.43366953293543,1.6794353742386985,2.9,25.41600576095974
6.929755782742134,2.4166161061613454,1.9904830565667466,8.054924762620093,4.1866438848800325,2.6,23.578423592970353
6.4454110448232935,7.792785755632355,3.39182678462997,4.989479662410107,2.714814566926098,2.9,25.334317814421823
9.917630958391417,7.4612643087205806,9.516285615591084,8.530186380309711,3.218239406285587,4.1,38.64360666929838
9.910813019278455,2.709894480929927,8.043313934544232,12.08119353640006,4.378966510472523,4.1,37.12418148162519
7.750474382952394,2.3979971636969237,6.950148689095066,13.93184458420717,3.2531406099839377,3.8,34.28360542993549
4.248473593422585,9.545681337470729,6.054387854128046,6.7629095234968855,3.4565339922451077,3.5,30.06798630076335
8.237125149683077,3.0547188155228544,1.141228387206806,8.407328559023991,4.765429680303233,2.9,25.60583059173996
7.122321663428729,6.678172001170058,6.650336327409759,7.957855971664046,3.9236770789402184,3.5,32.332363042612805
3.2427499603035224,9.025788375576711,3.4702538972070403,14.229230184950275,4.705986840128361,3.8,34.67400925816591
1.7013207164277513,5.033617311199024,7.696326564433742,7.295157001112985,3.035596099345662,2.9,24.762017692519166
8.26141543904546,7.344929448543449,9.62203800450649,3.3028039199631025,4.694237144745285,3.8,33.22542395680379
9.351876272564555,6.712740447764697,9.463517445673606,4.537598223395883,4.527149133614589,3.8,34.59288152301333
7.961313636641712,6.487200997396247,1.815663201832563,1.4218809522334706,1.043877981976474,2.3,18.729936770080467
3.2550225170335874,7.861171689488635,4.479625291530098,11.856254152172985,3.502569963725699,3.5,30.954643613951003
4.503357092096598,8.921319659076179,1.3457551542237618,7.514381862909816,4.3194093575712635,2.9,26.604223125877617
2.1413213467578402,7.3943880536045725,3.9530425771925346,1.3402179000772374,2.8948997235572436,2.0,17.723869601189428
5.695234650508015,1.3742762560646102,6.093274181966026,5.864073731409752,1.017972829025188,2.3,20.044831648973588
2.7169604260890883,1.9972960505080741,5.865597592591644,1.6036822825927384,4.712530280392317,2.0,16.896066632173863
8.605557751585353,9.507678793583105,3.833209295077901,13.67374343986652,4.93724969008014,4.4,40.55743897019302
7.882582908273819,3.4757435221802515,7.038003737324383,9.339284152275718,2.6168132086577733,3.5,30.352427528711942
3.754880686129839,1.5386337151095724,2.1284422728081323,2.8753861840716755,2.923571458617241,1.7,13.22091431673646
6.777040462542054,7.876616072000327,1.4204238397499964,12.532638216573849,1.1738848931638337,3.2,29.780603484030063
5.994521470522111,7.6973306482720965,6.680992346148052,14.295501459562029,2.378793412451343,4.1,37.04713933695564
6.2729501971378525,1.7451915646088474,6.038169291390688,12.386183215068044,1.806418055301923,3.2,28.248912323507355
3.348680503304626,7.303650761977244,3.2849377024245694,4.629436636299669,4.7420611517572056,2.6,23.308766755763315
9.986887277588032,2.3967858762297825,9.101461485322003,8.738170803632347,1.15440456964207,3.5,31.377710012414234
6.269524437134668,6.773946856036795,1.3041612883189837,11.607686910220405,4.27120056589674,3.5,30.226520057607594
1.6447891796826055,6.83559946059561,5.108927328124896,4.342098022786896,2.834681526489937,2.3,20.766095517679943
2.4345073877705397,4.002993160590667,6.896865697308527,7.6707977861262275,3.2236803787101667,2.9,24.22884441050613
5.890985144240773,8.385348161004753,4.0904451833825135,12.38146927094542,1.31994834852163,3.5,32.06819610809509
4.849597412853448,4.170881048831848,5.064225748347241,12.669137487507731,3.0495976019518043,3.2,29.80343929949207
9.88521981665353,8.75314648247596,2.0696207078171986,5.436481497863348,1.0909020061075467,3.2,27.235370510917583
7.603780792101466,1.17280723930154,8.97344663342313,3.70680010779167,2.6553451611218737,2.9,24.112179933739675
1.5583537540553323,3.8012939853288064,4.505634905435495,1.7312336296311215,4.070202612711453,2.0,15.666718887162208
7.402147475730273,4.220952617120712,8.516732978386639,2.0839052328107166,1.2160256040306887,2.6,23.43976390807903
4.194822649935457,9.116571989515554,7.808209317195815,10.412447499755025,3.2509429409829376,3.8,34.78299439738479
8.23388984861032,4.710040238693329,1.2761972180274235,12.233660010234203,1.7619737371589284,3.2,28.215761052724204
4.488929648524781,4.218484125038587,2.1102906334078306,5.910981165608165,1.7083475114036593,2.3,18.43703308398302
6.5441244707640065,6.880909219928033,1.1228189759346048,7.390661933053883,3.216210625946865,2.9,25.15472522562739
8.844966949922052,5.464281792110154,1.7240539321436708,1.7241343073441937,4.448436331806574,2.6,22.20587331332665
8.11656468401421,8.726031380364502,3.360184008256864,10.071963051126229,1.3828721891820392,3.5,31.657615312943843
8.439158005422591,4.002516427836914,9.596325135874547,7.59935591782666,1.132270787783618,3.5,30.76962627474433
9.181502898405302,6.629789339323991,3.583731574106777,1.5152545125050179,2.506745586922498,2.6,23.417023911263588
2.411745037881479,5.934522802112932,2.321953076459648,3.444599903453571,4.683477942913032,2.3,18.796298762820662
6.761080310631791,3.1832327059535874,8.910066525692226,9.746021617917618,4.782397360320333,3.8,33.38279852051556
5.346251149678368,8.991107505802361,7.105994266144474,1.6183597830679866,1.9611619602343966,2.9,25.02287466492759
3.5341876444006095,2.5301501504780433,3.143682555621411,4.1645620784960595,4.513374996803634,2.0,17.88595742579976
5.166089141887262,8.888606481912934,2.2419809511198876,8.908858811785517,1.0538707125824942,2.9,26.259406099288096
9.372712688541885,1.0507340295796146,4.5091688369676755,12.222203421648382,4.999526236917937,3.5,32.154345213655496
1.1755876632518683,8.416769354864293,5.590791635463172,1.5345482875471859,4.108477083610213,2.3,20.82617402473673
2.0071217131392007,6.5032676855419,8.004926945107943,10.430272974192258,2.5194972988278543,3.2,29.465086616809156
1.2379747313904406,4.92637571031149,9.22325035317153,5.66092711654956,1.9918348766129235,2.6,23.040362788035946
2.2404775044041934,5.592272095009428,5.8001344546935645,2.0226753936496875,2.6310339440735846,2.3,18.28659339183046
6.928133093977985,9.694456166543146,4.883870095471583,7.104494716517895,2.8845358902740266,3.5,31.495489962784635
3.025301421039074,4.553538778129909,6.807382533927615,6.5588289267260755,3.3255029937332177,2.9,24.27055465355589
8.52024059199779,9.981708157680012,8.96535715266521,6.205152776783413,1.0869085372696303,3.8,34.75936721639605
6.50444139552379,5.270956373890967,3.133154008437221,1.56425738747069,2.2862809558908053,2.3,18.75909012121347
8.182641815520679,9.677071061990556,1.9599412516522996,13.286951764940294,1.1948706848683126,3.8,34.30147657897214
7.421282369880858,1.2411614202685528,4.789447140537367,13.183231738737675,2.5724325905131282,3.2,29.20755525993758
9.321078858847683,7.418756270007619,6.43765852717972,3.2593066720256436,2.3619831345784386,3.2,28.798783462639104
4.699865478508799,6.3118437771924585,9.964343441883635,4.971936469269041,3.0142515633259905,3.2,28.96224073017992
9.401031168658601,4.108787143858075,6.657443085451361,11.725841541718665,3.5210789000605724,3.8,35.41418183974727
7.780876118579113,2.7612370021212693,9.616039181639932,3.476569295886089,3.334724704166388,2.9,26.96944630239279
3.6643834815995486,6.709807227351983,3.6199937385537893,7.036986995403565,3.7288901928230205,2.9,24.760061635731905
3.421618754986386,7.550882942032614,4.121899055000128,2.850185361088701,3.452514867692104,2.6,21.397100980799934
2.4918222597318316,4.875197017120314,4.585576706913664,2.0663638635465915,3.8430793496082907,2.0,17.862039196920694
7.1274120859833445,8.000155045307064,5.904218267916808,8.754834860088009,1.6769320116331636,3.5,31.46355227092839
2.8671750909108207,3.0542454143427498,5.727731758505143,12.465756154824712,2.42789646684701,2.9,26.542804885430435
8.936847892479268,7.622904416861797,7.448024288855696,5.692409810265128,1.473909968214087,3.5,31.174096376675976
9.665114329957644,8.691495720616164,4.679811916953216,13.08505466330617,4.596868460128298,4.4,40.71834509096149
4.0822626102848805,5.514053432023454,3.986108562336733,10.732205197394839,4.648669254068701,3.2,28.963299056108607
9.860896935002453,7.694011673326116,3.7471811854155965,13.326906061228623,4.970478516178327,4.4,39.59947437115111
4.11873547369529,9.53841117204323,5.603917649056216,14.504896191816155,4.983423960396605,4.1,38.7493844470075
8.31647886246007,7.150933442704159,2.386130223637937,1.0688419652647418,3.381883401693444,2.6,22.30426789576035
7.340139149347483,9.419842406611092,5.6540791016915835,10.755852437838554,3.589423885884007,4.1,36.75933698137272
2.844281124786085,6.798700835020721,9.835490901925182,2.5565893928223087,3.7541729727959523,2.9,25.78923522735025
6.5287460574338985,4.382692514124461,8.140129784674865,1.1468020201890092,4.569646488492683,2.9,24.76801686491492
8.356275577114301,5.326343483218424,1.9732523939294468,7.33679977929088,3.337011596461548,2.9,26.3296828300146
3.2849513068711804,5.378783183610362,7.981558874684877,13.918245138426563,3.2465801105389263,3.8,33.81011861413191
8.445176065356241,1.7013989167264087,8.707312416821187,13.891403916501892,1.6720055051380847,3.8,34.41729682054381
8.447386255777653,8.646095532933893,8.907929814931865,8.239953277443492,3.433016975541374,4.1,37.67438185662827
2.872749208984292,7.373183944471341,4.6451557306732845,1.2963671998987762,1.5370684540170205,2.0,17.724524538044715
4.493962284490577,8.9666182545473,6.084480639419525,13.827598476787458,4.717935377429239,4.1,38.0905950326741
1.7811549290754982,6.293938723554421,4.010752343370466,8.095131711869161,2.8220992099972375,2.6,23.00307691786678
5.319489453584152,1.91625227345695,8.498440754171476,7.8639194645813895,3.5799502251771336,3.2,27.1780521709711
5.254108774570842,2.629165389149902,5.8690052649296796,3.2335563468512185,4.4087170245903335,2.6,21.394552800091976
8.484436230743302,2.292749003412488,1.619595577282893,1.9588868371662982,2.5729760994350985,2.0,16.92864374804008
9.577372936083686,6.005263744519447,3.3897391657578,4.2150835797385025,1.443492779037168,2.9,24.630952205136605
2.2696408944961846,8.306769399697622,2.247701182409642,13.096861800506106,4.2919922967417765,3.5,30.212965573851328
2.231279218781399,6.028522929448831,1.0634974114415947,13.068505880690699,3.2331084817584568,2.9,25.62491392212098
7.798063549514895,5.4131079422463255,7.21379799368531,14.037347738604758,3.2381832405114332,4.1,37.70050046456272
8.87234929219052,4.08740898112409,1.877792911020298,1.0720249964568525,1.9066011159938885,2.0,17.81617729678565
8.547281532422781,3.8034591635324926,3.021545328801487,7.938825927437185,4.787616489973831,3.2,28.09872844216778
5.580806034346299,4.067844963259949,1.6975161190546353,9.031337066829984,1.9050279181887424,2.6,22.28253210167961
4.307492149413743,4.430461300511551,7.823659034887633,4.242803827156411,4.743568903187263,2.9,25.5479852151566
7.681492611662992,5.330075867027372,8.924270421520797,6.0283517238540965,2.537359494340911,3.5,30.50155011840617
2.1643221786645928,8.007004850172539,4.610733875598987,8.003542394646306,2.883874661584124,2.9,25.669477960666548
6.905636358139695,4.365445879768098,9.24275193533868,7.046911626188203,2.436855911394941,3.2,29.997601710829617
